"country","incomeperperson.x","internetuserate.x","urbanrate.x","Population..2020.","Yearly.Change","Net.Change","Density..P.Km².","Land.Area..Km².","Migrants..net.","Fert..Rate","Med..Age","Urban.Pop..","World.Share","incomeperperson.y","internetuserate.y","urbanrate.y","Overall.rank","Score","GDP.per.capita","Social.support","Healthy.life.expectancy","Freedom.to.make.life.choices","Generosity","Perceptions.of.corruption","incomeperperson","internetuserate","urbanrate","Country.Code","Year","Value"
"Afghanistan",NA,3.654121623,24.04,39074280,"2.33 %",886592,60,652860,-62920,"4.6","18","25 %","0.50 %",NA,3.654121623,24.04,154,3.203,0.35,0.517,0.361,0,0.158,0.025,NA,3.654121623,24.04,"AFG",2016,19469022207.6852
"Albania",1914.996551,44.98994696,46.72,2877239,"-0.11 %",-3120,105,27400,-14000,"1.6","36","63 %","0.04 %",1914.996551,44.98994696,46.72,107,4.719,0.947,0.848,0.874,0.383,0.178,0.027,1914.996551,44.98994696,46.72,"ALB",2016,11863865978.0942
"Algeria",2231.993335,12.50007331,65.22,43984569,"1.85 %",797990,18,2381740,-10000,"3.1","29","73 %","0.56 %",2231.993335,12.50007331,65.22,88,5.211,1.002,1.16,0.785,0.086,0.073,0.114,2231.993335,12.50007331,65.22,"DZA",2016,159049096745.249
"Argentina",10749.41924,36.00033495,92,45267449,"0.93 %",415097,17,2736690,4800,"2.3","32","93 %","0.58 %",10749.41924,36.00033495,92,47,6.086,1.092,1.432,0.881,0.471,0.066,0.05,10749.41924,36.00033495,92,"ARG",2016,545476103427.247
"Armenia",1326.741757,44.00102458,63.86,2964219,"0.19 %",5512,104,28470,-4998,"1.8","35","63 %","0.04 %",1326.741757,44.00102458,63.86,116,4.559,0.85,1.055,0.815,0.283,0.095,0.064,1326.741757,44.00102458,63.86,"ARM",2016,10572298341.5618
"Australia",25249.98606,75.8956538,88.74,25550683,"1.18 %",296686,3,7682300,158246,"1.8","38","86 %","0.33 %",25249.98606,75.8956538,88.74,11,7.228,1.372,1.548,1.036,0.557,0.332,0.29,25249.98606,75.8956538,88.74,"AUS",2016,1204616439828.41
"Austria",26692.98411,72.73157554,67.16,9015361,"0.57 %",51296,109,82409,65000,"1.5","43","57 %","0.12 %",26692.98411,72.73157554,67.16,10,7.246,1.376,1.475,1.016,0.532,0.244,0.226,26692.98411,72.73157554,67.16,"AUT",2016,390799991147.468
"Azerbaijan",2344.896916,46.67970157,51.92,10154978,"0.91 %",91459,123,82658,1200,"2.1","32","56 %","0.13 %",2344.896916,46.67970157,51.92,90,5.208,1.043,1.147,0.769,0.351,0.035,0.182,2344.896916,46.67970157,51.92,"AZE",2016,37847715736.0406
"Bahrain",12505.21254,54.99280903,88.52,1711057,"3.68 %",60403,2239,760,47800,"2.0","32","89 %","0.02 %",12505.21254,54.99280903,88.52,37,6.199,1.362,1.368,0.871,0.536,0.255,0.11,12505.21254,54.99280903,88.52,"BHR",2016,32179069148.9362
"Bangladesh",558.0628766,3.70000326,27.14,164972348,"1.01 %",1643222,1265,130170,-369501,"2.1","28","39 %","2.11 %",558.0628766,3.70000326,27.14,125,4.456,0.562,0.928,0.723,0.527,0.166,0.143,558.0628766,3.70000326,27.14,"BGD",2016,221415162445.648
"Belarus",2737.670379,32.05214391,73.46,9448772,"-0.03 %",-3088,47,202910,8730,"1.7","40","79 %","0.12 %",2737.670379,32.05214391,73.46,81,5.323,1.067,1.465,0.789,0.235,0.094,0.142,2737.670379,32.05214391,73.46,"BLR",2016,47407217531.162
"Belgium",24496.04826,73.73393447,97.36,11598451,"0.44 %",50295,383,30280,48000,"1.7","42","98 %","0.15 %",24496.04826,73.73393447,97.36,18,6.923,1.356,1.504,0.986,0.473,0.16,0.21,24496.04826,73.73393447,97.36,"BEL",2016,467955709817.539
"Benin",377.0396995,3.129961803,41.2,12175480,"2.73 %",322049,108,112760,-2000,"4.9","19","48 %","0.16 %",377.0396995,3.129961803,41.2,102,4.883,0.393,0.437,0.397,0.349,0.175,0.082,377.0396995,3.129961803,41.2,"BEN",2016,8583031398.21675
"Bhutan",1324.194906,13.59887603,34.48,773069,"1.12 %",8516,20,38117,320,"2.0","28","46 %","0.01 %",1324.194906,13.59887603,34.48,95,5.082,0.813,1.321,0.604,0.457,0.37,0.167,1324.194906,13.59887603,34.48,"BTN",2016,2212638830.39439
"Bolivia",1232.794137,20.00171014,65.58,11700207,"1.39 %",159921,11,1083300,-9504,"2.8","26","69 %","0.15 %",1232.794137,20.00171014,65.58,61,5.779,0.776,1.209,0.706,0.511,0.137,0.064,1232.794137,20.00171014,65.58,"BOL",2016,33806395513.7482
"Bosnia and Herzegovina",2183.344867,52.00206064,47.44,3277152,"-0.61 %",-20181,64,51000,-21585,"1.3","43","52 %","0.04 %",2183.344867,52.00206064,47.44,78,5.386,0.945,1.212,0.845,0.212,0.263,0.006,2183.344867,52.00206064,47.44,"BIH",2016,16910277133.6463
"Botswana",4189.436587,5.999835575,59.58,2359585,"2.08 %",47930,4,566730,3000,"2.9","24","73 %","0.03 %",4189.436587,5.999835575,59.58,148,3.488,1.041,1.145,0.538,0.455,0.025,0.1,4189.436587,5.999835575,59.58,"BWA",2016,15581137273.7728
"Brazil",4699.411262,40.650098,85.58,212821986,"0.72 %",1509890,25,8358140,21200,"1.7","33","88 %","2.73 %",4699.411262,40.650098,85.58,32,6.3,1.004,1.439,0.802,0.39,0.099,0.086,4699.411262,40.650098,85.58,"BRA",2016,1796186586414.45
"Bulgaria",2549.558474,45.98658991,71.1,6939018,"-0.74 %",-51674,64,108560,-4800,"1.6","45","76 %","0.09 %",2549.558474,45.98658991,71.1,97,5.011,1.092,1.513,0.815,0.311,0.081,0.004,2549.558474,45.98658991,71.1,"BGR",2016,53237882472.7108
"Burkina Faso",276.200413,1.4000607,19.56,20997293,"2.86 %",581895,76,273600,-25000,"5.2","18","31 %","0.27 %",276.200413,1.4000607,19.56,115,4.587,0.331,1.056,0.38,0.255,0.177,0.113,276.200413,1.4000607,19.56,"BFA",2016,11693235542.0671
"Burundi",115.3059959,2.100212706,10.4,11948454,"3.12 %",360204,463,25680,2001,"5.5","17","14 %","0.15 %",115.3059959,2.100212706,10.4,145,3.775,0.046,0.447,0.38,0.22,0.176,0.18,115.3059959,2.100212706,10.4,"BDI",2016,3007029030.4001
"Cambodia",557.9475126,1.259933609,21.56,16758448,"1.41 %",232423,95,176520,-30000,"2.5","26","24 %","0.21 %",557.9475126,1.259933609,21.56,109,4.7,0.574,1.122,0.637,0.609,0.232,0.062,557.9475126,1.259933609,21.56,"KHM",2016,20016747754.0192
"Cameroon",713.6393027,3.999977346,56.76,26655083,"2.59 %",669483,56,472710,-4800,"4.6","19","56 %","0.34 %",713.6393027,3.999977346,56.76,96,5.044,0.549,0.91,0.331,0.381,0.187,0.037,713.6393027,3.999977346,56.76,"CMR",2016,32217497470.489
"Canada",25575.35262,81.33839269,80.4,37799407,"0.89 %",331107,4,9093510,242032,"1.5","41","81 %","0.48 %",25575.35262,81.33839269,80.4,9,7.278,1.365,1.505,1.039,0.584,0.285,0.308,25575.35262,81.33839269,80.4,"CAN",2016,1529760492201.35
"Central African Rep.",239.5187494,2.300026653,38.58,4843954,"1.78 %",84582,8,622980,-40000,"4.8","18","43 %","0.06 %",239.5187494,2.300026653,38.58,155,3.083,0.026,0,0.105,0.225,0.235,0.035,239.5187494,2.300026653,38.58,"CAF",2016,1756124677.19671
"Chad",275.8842865,1.700031496,26.68,16502877,"3.00 %",478988,13,1259200,2000,"5.8","17","23 %","0.21 %",275.8842865,1.700031496,26.68,132,4.35,0.35,0.766,0.192,0.174,0.198,0.078,275.8842865,1.700031496,26.68,"TCD",2016,9600761473.78738
"Chile",6334.105194,45,88.44,19144605,"0.87 %",164163,26,743532,111708,"1.7","35","85 %","0.25 %",6334.105194,45,88.44,26,6.444,1.159,1.369,0.92,0.357,0.187,0.056,6334.105194,45,88.44,"CHL",2016,247027912574.35
"China",2425.471293,34.37778952,43.1,1440297825,"0.39 %",5540090,153,9388211,-348399,"1.7","38","61 %","18.47 %",2425.471293,34.37778952,43.1,93,5.191,1.029,1.125,0.893,0.521,0.058,0.1,2425.471293,34.37778952,43.1,"CHN",2016,11199145157649.2
"Colombia",3233.42378,36.49987464,74.5,50976248,"1.08 %",543448,46,1109500,204796,"1.8","31","80 %","0.65 %",3233.42378,36.49987464,74.5,43,6.125,0.985,1.41,0.841,0.47,0.099,0.034,3233.42378,36.49987464,74.5,"COL",2016,282462551366.878
"Comoros",336.3687495,5.098265306,28.08,872695,"2.20 %",18715,467,1861,-2000,"4.2","20","29 %","0.01 %",336.3687495,5.098265306,28.08,142,3.973,0.274,0.757,0.505,0.142,0.275,0.078,336.3687495,5.098265306,28.08,"COM",2016,616654490.413179
"Costa Rica",5188.900935,36.49911472,63.26,5102158,"0.92 %",46557,100,51060,4200,"1.8","33","80 %","0.07 %",5188.900935,36.49911472,63.26,12,7.167,1.034,1.441,0.963,0.558,0.144,0.093,5188.900935,36.49911472,63.26,"CRI",2016,57435507212.256
"Croatia",6338.494668,60.11970702,57.28,4100719,"-0.61 %",-25037,73,55960,-8001,"1.4","44","58 %","0.05 %",6338.494668,60.11970702,57.28,75,5.432,1.155,1.266,0.914,0.296,0.119,0.022,6338.494668,60.11970702,57.28,"HRV",2016,50714957390.5378
"Cyprus",15313.85935,53.02474483,69.9,1208886,"0.73 %",8784,131,9240,5000,"1.3","37","67 %","0.02 %",15313.85935,53.02474483,69.9,49,6.046,1.263,1.223,1.042,0.406,0.19,0.041,15313.85935,53.02474483,69.9,"CYP",2016,20047013274.3363
"Czech Rep.",7381.312751,68.63813347,73.5,10712481,"0.18 %",19772,139,77240,22011,"1.6","43","74 %","0.14 %",7381.312751,68.63813347,73.5,20,6.852,1.269,1.487,0.92,0.457,0.046,0.036,7381.312751,68.63813347,73.5,"CZE",2016,195305084919.138
"Denmark",30532.27704,88.77025387,86.68,5795780,"0.35 %",20326,137,42430,15200,"1.8","42","88 %","0.07 %",30532.27704,88.77025387,86.68,2,7.6,1.383,1.573,0.996,0.592,0.252,0.41,30532.27704,88.77025387,86.68,"DNK",2016,306899653409.601
"Dominican Rep.",4049.169629,39.53127426,69.02,10866667,"1.01 %",108952,225,48320,-30000,"2.4","28","85 %","0.14 %",4049.169629,39.53127426,69.02,77,5.425,1.015,1.401,0.779,0.497,0.113,0.101,4049.169629,39.53127426,69.02,"DOM",2016,71583553487.5646
"Ecuador",1728.020976,28.99947674,65.58,17688599,"1.55 %",269392,71,248360,36400,"2.4","28","63 %","0.23 %",1728.020976,28.99947674,65.58,50,6.028,0.912,1.312,0.868,0.498,0.126,0.087,1728.020976,28.99947674,65.58,"ECU",2016,98613972000
"El Salvador",2557.433638,15.89998203,60.7,6491923,"0.51 %",32652,313,20720,-40539,"2.1","28","73 %","0.08 %",2557.433638,15.89998203,60.7,35,6.253,0.794,1.242,0.789,0.43,0.093,0.074,2557.433638,15.89998203,60.7,"SLV",2016,26797470000
"Estonia",6238.537506,74.1630403,69.46,1326693,"0.07 %",887,31,42390,3911,"1.6","42","68 %","0.02 %",6238.537506,74.1630403,69.46,55,5.893,1.237,1.528,0.874,0.495,0.103,0.161,6238.537506,74.1630403,69.46,"EST",2016,23337907618.5174
"Ethiopia",220.8912479,0.74999585,17,115434444,"2.57 %",2884858,115,1000000,30000,"4.3","19","21 %","1.47 %",220.8912479,0.74999585,17,134,4.286,0.336,1.033,0.532,0.344,0.209,0.1,220.8912479,0.74999585,17,"ETH",2016,72374224249.3997
"Finland",27110.73159,86.89884451,63.3,5542237,"0.15 %",8564,18,303890,14000,"1.5","43","86 %","0.07 %",27110.73159,86.89884451,63.3,1,7.769,1.34,1.587,0.986,0.596,0.153,0.393,27110.73159,86.89884451,63.3,"FIN",2016,238502900311.9
"France",22878.46657,77.49861935,77.36,65298930,"0.22 %",143783,119,547557,36527,"1.9","42","82 %","0.84 %",22878.46657,77.49861935,77.36,24,6.592,1.324,1.472,1.045,0.436,0.111,0.183,22878.46657,77.49861935,77.36,"FRA",2016,2465453975282.24
"Gabon",4180.765821,7.232224246,85.04,2234448,"2.45 %",53155,9,257670,3260,"4.0","23","87 %","0.03 %",4180.765821,7.232224246,85.04,104,4.799,1.057,1.183,0.571,0.295,0.043,0.055,4180.765821,7.232224246,85.04,"GAB",2016,14213558130.1817
"Gambia",354.5997263,9.196775477,56.42,2427782,"2.94 %",68962,239,10120,-3087,"5.3","18","59 %","0.03 %",354.5997263,9.196775477,56.42,120,4.516,0.308,0.939,0.428,0.382,0.269,0.167,354.5997263,9.196775477,56.42,"GMB",2016,964599178.129102
"Georgia",1258.762596,26.29725148,52.74,3987805,"-0.19 %",-7598,57,69490,-10000,"2.1","38","58 %","0.05 %",1258.762596,26.29725148,52.74,119,4.519,0.886,0.666,0.752,0.346,0.043,0.164,1258.762596,26.29725148,52.74,"GEO",2016,14378016729.1587
"Germany",25306.18719,82.52689791,73.64,83830972,"0.32 %",266897,240,348560,543822,"1.6","46","76 %","1.07 %",25306.18719,82.52689791,73.64,17,6.985,1.373,1.454,0.987,0.495,0.261,0.265,25306.18719,82.52689791,73.64,"DEU",2016,3477796274496.8
"Ghana",358.9795398,9.549930701,50.02,31181428,"2.15 %",655084,137,227540,-10000,"3.9","22","57 %","0.40 %",358.9795398,9.549930701,50.02,98,4.996,0.611,0.868,0.486,0.381,0.245,0.04,358.9795398,9.549930701,50.02,"GHA",2016,42689783733.873
"Greece",13577.87989,44.57007444,61,10413936,"-0.48 %",-50401,81,128900,-16000,"1.3","46","85 %","0.13 %",13577.87989,44.57007444,61,82,5.287,1.181,1.156,0.999,0.067,0,0.034,13577.87989,44.57007444,61,"GRC",2016,192690813126.86
"Guatemala",1860.753895,10.49994819,48.58,17971382,"1.90 %",334096,167,107160,-9215,"2.9","23","52 %","0.23 %",1860.753895,10.49994819,48.58,27,6.436,0.8,1.269,0.746,0.535,0.175,0.078,1860.753895,10.49994819,48.58,"GTM",2016,68763255963.8943
"Guinea",411.5014473,0.999958926,34.44,13191279,"2.83 %",361549,53,245720,-4000,"4.7","18","39 %","0.17 %",411.5014473,0.999958926,34.44,118,4.534,0.38,0.829,0.375,0.332,0.207,0.086,411.5014473,0.999958926,34.44,"GIN",2016,8200248003.02206
"Haiti",371.4241975,8.370206884,46.84,11426356,"1.24 %",139451,414,27560,-35000,"3.0","24","57 %","0.15 %",371.4241975,8.370206884,46.84,147,3.597,0.323,0.688,0.449,0.026,0.419,0.11,371.4241975,8.370206884,46.84,"HTI",2016,8022638721.92013
"Honduras",1392.411829,11.09076463,47.88,9931333,"1.63 %",158490,89,111890,-6800,"2.5","24","57 %","0.13 %",1392.411829,11.09076463,47.88,59,5.86,0.642,1.236,0.828,0.507,0.246,0.078,1392.411829,11.09076463,47.88,"HND",2016,21516938909.5686
"Hong Kong, China",35536.07247,71.84912394,100,7507523,"0.82 %",60827,7140,1050,29308,"1.3","45","N.A.","0.10 %",35536.07247,71.84912394,100,76,5.43,1.438,1.277,1.122,0.44,0.258,0.287,35536.07247,71.84912394,100,"HKG",2016,320914302646.157
"Hungary",5634.003948,65.16325092,67.5,9655983,"-0.25 %",-24328,107,90530,6000,"1.5","43","72 %","0.12 %",5634.003948,65.16325092,67.5,62,5.758,1.201,1.41,0.828,0.199,0.081,0.02,5634.003948,65.16325092,67.5,"HUN",2016,125816640420.569
"Iceland",33945.31442,95.63811321,92.26,341628,"0.65 %",2212,3,100250,380,"1.8","37","94 %","0.00 %",33945.31442,95.63811321,92.26,4,7.494,1.38,1.624,1.026,0.591,0.354,0.118,33945.31442,95.63811321,92.26,"ISL",2016,20047413006.3471
"India",786.7000981,7.499995878,29.54,1382345085,"0.99 %",13586631,464,2973190,-532687,"2.2","28","35 %","17.70 %",786.7000981,7.499995878,29.54,140,4.015,0.755,0.765,0.588,0.498,0.2,0.085,786.7000981,7.499995878,29.54,"IND",2016,2263792499341.01
"Indonesia",1143.831514,9.900038672,51.46,274021604,"1.07 %",2898047,151,1811570,-98955,"2.3","30","56 %","3.51 %",1143.831514,9.900038672,51.46,92,5.192,0.931,1.203,0.66,0.491,0.498,0.028,1143.831514,9.900038672,51.46,"IDN",2016,932259177765.307
"Iran",2161.54651,13.00011072,68.46,84176929,"1.30 %",1079043,52,1628550,-55000,"2.2","32","76 %","1.08 %",2161.54651,13.00011072,68.46,117,4.548,1.1,0.842,0.785,0.305,0.27,0.125,2161.54651,13.00011072,68.46,"IRN",2016,418976679728.567
"Iraq",736.2680538,2.471948347,66.6,40372771,"2.32 %",912710,93,434320,7834,"3.7","21","73 %","0.52 %",736.2680538,2.471948347,66.6,126,4.437,1.043,0.98,0.574,0.241,0.148,0.089,736.2680538,2.471948347,66.6,"IRQ",2016,171489001692.047
"Ireland",27595.09135,69.77039441,61.34,4947267,"1.13 %",55291,72,68890,23604,"1.8","38","63 %","0.06 %",27595.09135,69.77039441,61.34,16,7.021,1.499,1.553,0.999,0.516,0.298,0.31,27595.09135,69.77039441,61.34,"IRL",2016,304819020500.641
"Israel",22275.75166,65.38778594,91.66,8678517,"1.60 %",136158,400,21640,10000,"3.0","30","93 %","0.11 %",22275.75166,65.38778594,91.66,13,7.139,1.276,1.455,1.029,0.371,0.261,0.082,22275.75166,65.38778594,91.66,"ISR",2016,317744784695.1
"Italy",18982.26929,53.7402166,68.08,60446035,"-0.15 %",-88249,206,294140,148943,"1.3","47","69 %","0.78 %",18982.26929,53.7402166,68.08,36,6.223,1.294,1.488,1.039,0.231,0.158,0.03,18982.26929,53.7402166,68.08,"ITA",2016,1858913163927.72
"Jamaica",3665.348369,26.47722324,53.3,2963429,"0.44 %",12888,273,10830,-11332,"2.0","31","55 %","0.04 %",3665.348369,26.47722324,53.3,56,5.89,0.831,1.478,0.831,0.49,0.107,0.028,3665.348369,26.47722324,53.3,"JAM",2016,14056908749.3505
"Japan",39309.47886,77.63853515,66.48,126407422,"-0.30 %",-383840,347,364555,71560,"1.4","48","92 %","1.62 %",39309.47886,77.63853515,66.48,58,5.886,1.327,1.419,1.088,0.445,0.069,0.14,39309.47886,77.63853515,66.48,"JPN",2016,4940158776617.16
"Jordan",2534.00038,38.88120159,78.42,10220604,"1.00 %",101440,115,88780,10220,"2.8","24","91 %","0.13 %",2534.00038,38.88120159,78.42,101,4.906,0.837,1.225,0.815,0.383,0.11,0.13,2534.00038,38.88120159,78.42,"JOR",2016,38654727746.4789
"Kazakhstan",2481.718918,33.38212816,57.94,18815231,"1.21 %",225280,7,2699700,-18000,"2.8","31","58 %","0.24 %",2481.718918,33.38212816,57.94,60,5.809,1.173,1.508,0.729,0.41,0.146,0.096,2481.718918,33.38212816,57.94,"KAZ",2016,137278320084.171
"Kenya",468.6960436,25.8997967,21.6,53968739,"2.28 %",1197323,94,569140,-10000,"3.5","20","28 %","0.69 %",468.6960436,25.8997967,21.6,121,4.509,0.512,0.983,0.581,0.431,0.372,0.053,468.6960436,25.8997967,21.6,"KEN",2016,70529014778.3251
"Korea, Rep.",16372.49978,82.515928,81.46,51276977,"0.09 %",43877,527,97230,11731,"1.1","44","82 %","0.66 %",16372.49978,82.515928,81.46,54,5.895,1.301,1.219,1.036,0.159,0.175,0.056,16372.49978,82.515928,81.46,"KOR",2016,1411245589976.63
"Kuwait",NA,38.26023355,98.36,4281320,"1.51 %",63488,240,17820,39520,"2.1","37","N.A.","0.05 %",NA,38.26023355,98.36,51,6.021,1.5,1.319,0.808,0.493,0.142,0.097,NA,38.26023355,98.36,"KWT",2016,110875579086.698
"Kyrgyzstan",372.728414,19.58231645,36.28,6542426,"1.69 %",108345,34,191800,-4000,"3.0","26","36 %","0.08 %",372.728414,19.58231645,36.28,86,5.261,0.551,1.438,0.723,0.508,0.3,0.023,372.728414,19.58231645,36.28,"KGZ",2016,6551287937.62632
"Laos",554.8798401,6.999880342,30.88,7293542,"1.48 %",106105,32,230800,-14704,"2.7","24","36 %","0.09 %",554.8798401,6.999880342,30.88,105,4.796,0.764,1.03,0.551,0.547,0.266,0.164,554.8798401,6.999880342,30.88,"LAO",2016,15903329472.9904
"Latvia",5011.219456,71.51472354,68.12,1882408,"-1.08 %",-20545,30,62200,-14837,"1.7","44","69 %","0.02 %",5011.219456,71.51472354,68.12,53,5.94,1.187,1.465,0.812,0.264,0.075,0.064,5011.219456,71.51472354,68.12,"LVA",2016,27572698481.8766
"Lebanon",6746.612632,31.00437828,86.96,6819976,"-0.44 %",-30268,667,10230,-30012,"2.1","30","78 %","0.09 %",6746.612632,31.00437828,86.96,91,5.197,0.987,1.224,0.815,0.216,0.166,0.027,6746.612632,31.00437828,86.96,"LBN",2016,49598825982.1559
"Lesotho",495.7342469,3.860565398,25.46,2145194,"0.80 %",16981,71,30360,-10047,"3.2","24","31 %","0.03 %",495.7342469,3.860565398,25.46,144,3.802,0.489,1.169,0.168,0.359,0.107,0.093,495.7342469,3.860565398,25.46,"LSO",2016,2291321667.48246
"Liberia",155.0332312,7.000213821,60.14,5077411,"2.44 %",120307,53,96320,-5000,"4.4","19","53 %","0.06 %",155.0332312,7.000213821,60.14,141,3.975,0.073,0.922,0.443,0.37,0.233,0.033,155.0332312,7.000213821,60.14,"LBR",2016,2.101e+09
"Lithuania",5332.238591,62.81190001,66.96,2715340,"-1.35 %",-37338,43,62674,-32780,"1.7","45","71 %","0.03 %",5332.238591,62.81190001,66.96,42,6.149,1.238,1.515,0.818,0.291,0.043,0.042,5332.238591,62.81190001,66.96,"LTU",2016,42738875963.3703
"Luxembourg",52301.58718,90.07952663,82.44,627704,"1.66 %",10249,242,2590,9741,"1.5","40","88 %","0.01 %",52301.58718,90.07952663,82.44,14,7.09,1.609,1.479,1.012,0.526,0.194,0.316,52301.58718,90.07952663,82.44,"LUX",2016,58631324559.4484
"Madagascar",242.6775342,1.699985145,29.52,27808395,"2.68 %",721711,48,581795,-1500,"4.1","20","39 %","0.36 %",242.6775342,1.699985145,29.52,143,3.933,0.274,0.916,0.555,0.148,0.169,0.041,242.6775342,1.699985145,29.52,"MDG",2016,10001193420.1518
"Malawi",184.1417966,2.259975885,18.8,19211425,"2.69 %",501205,203,94280,-16053,"4.3","18","18 %","0.25 %",184.1417966,2.259975885,18.8,150,3.41,0.191,0.56,0.495,0.443,0.218,0.089,184.1417966,2.259975885,18.8,"MWI",2016,5433038646.51677
"Malaysia",5184.709328,56.3000337,70.36,32436963,"1.30 %",416222,99,328550,50000,"2.0","30","78 %","0.42 %",5184.709328,56.3000337,70.36,80,5.339,1.221,1.171,0.828,0.508,0.26,0.024,5184.709328,56.3000337,70.36,"MYS",2016,296535930381.12
"Mali",269.8928811,2.699966448,32.18,20346106,"3.02 %",592802,17,1220190,-40000,"5.9","16","44 %","0.26 %",269.8928811,2.699966448,32.18,128,4.39,0.385,1.105,0.308,0.327,0.153,0.052,269.8928811,2.699966448,32.18,"MLI",2016,14034980333.6615
"Malta",11066.78414,63.07799279,94.26,441750,"0.27 %",1171,1380,320,900,"1.5","43","93 %","0.01 %",11066.78414,63.07799279,94.26,22,6.726,1.3,1.52,0.999,0.564,0.375,0.151,11066.78414,63.07799279,94.26,"MLT",2016,10999047580.3881
"Mauritania",609.1312059,2.999803179,41,4669775,"2.74 %",123962,5,1030700,5000,"4.6","20","57 %","0.06 %",609.1312059,2.999803179,41,122,4.49,0.57,1.167,0.489,0.066,0.106,0.088,609.1312059,2.999803179,41,"MRT",2016,4739298730.30837
"Mauritius",5182.143721,28.7318835,42.48,1272140,"0.17 %",2100,626,2030,0,"1.4","37","41 %","0.02 %",5182.143721,28.7318835,42.48,57,5.888,1.12,1.402,0.798,0.498,0.215,0.06,5182.143721,28.7318835,42.48,"MUS",2016,12168437744.2644
"Mexico",6105.280743,31.05001287,77.2,129166028,"1.06 %",1357224,66,1943950,-60000,"2.1","29","84 %","1.65 %",6105.280743,31.05001287,77.2,23,6.595,1.07,1.323,0.861,0.433,0.074,0.073,6105.280743,31.05001287,77.2,"MEX",2016,1046922702460.87
"Moldova",595.8745345,40.1222347,41.76,4032294,"-0.23 %",-9300,123,32850,-1387,"1.3","38","43 %","0.05 %",595.8745345,40.1222347,41.76,71,5.529,0.685,1.328,0.739,0.245,0.181,0,595.8745345,40.1222347,41.76,"MDA",2016,6749515654.64419
"Mongolia",772.9333448,12.90000468,57.18,3287242,"1.65 %",53123,2,1553560,-852,"2.9","28","67 %","0.04 %",772.9333448,12.90000468,57.18,83,5.285,0.948,1.531,0.667,0.317,0.235,0.038,772.9333448,12.90000468,57.18,"MNG",2016,11183458130.8083
"Montenegro",2222.335052,51.95803797,60.18,628080,"0.01 %",79,47,13450,-480,"1.8","39","68 %","0.01 %",2222.335052,51.95803797,60.18,73,5.523,1.051,1.361,0.871,0.197,0.142,0.08,2222.335052,51.95803797,60.18,"MNE",2016,4374127212.38938
"Morocco",1844.351028,49.00063184,56.02,36985624,"1.20 %",438791,83,446300,-51419,"2.4","30","64 %","0.47 %",1844.351028,49.00063184,56.02,89,5.208,0.801,0.782,0.782,0.418,0.036,0.076,1844.351028,49.00063184,56.02,"MAR",2016,103606321692.582
"Mozambique",389.7636343,4.170136385,36.84,31398811,"2.93 %",889399,40,786380,-5000,"4.9","18","38 %","0.40 %",389.7636343,4.170136385,36.84,123,4.466,0.204,0.986,0.39,0.494,0.197,0.138,389.7636343,4.170136385,36.84,"MOZ",2016,11014858591.8422
"Myanmar",NA,NA,32.58,54473253,"0.67 %",364380,83,653290,-163313,"2.2","29","31 %","0.70 %",NA,NA,32.58,131,4.36,0.71,1.181,0.555,0.525,0.566,0.172,NA,NA,32.58,"MMR",2016,63225097051.255
"Namibia",2667.24671,6.500822821,36.84,2548663,"1.86 %",46375,3,823290,-4806,"3.4","22","55 %","0.03 %",2667.24671,6.500822821,36.84,113,4.639,0.879,1.313,0.477,0.401,0.07,0.056,2667.24671,6.500822821,36.84,"NAM",2016,10947880690.471
"Nepal",268.2594495,7.930096349,17.24,29225196,"1.85 %",528098,203,143350,41710,"1.9","25","21 %","0.37 %",268.2594495,7.930096349,17.24,100,4.913,0.446,1.226,0.677,0.439,0.285,0.089,268.2594495,7.930096349,17.24,"NPL",2016,21131983246.1855
"Netherlands",26551.84424,90.70355509,81.82,17141544,"0.22 %",37742,508,33720,16000,"1.7","43","92 %","0.22 %",26551.84424,90.70355509,81.82,5,7.488,1.396,1.522,0.999,0.557,0.322,0.298,26551.84424,90.70355509,81.82,"NLD",2016,777227541581.307
"New Zealand",14778.16393,83.00258425,86.56,4829021,"0.82 %",39170,18,263310,14881,"1.9","38","87 %","0.06 %",14778.16393,83.00258425,86.56,8,7.307,1.303,1.557,1.026,0.585,0.33,0.38,14778.16393,83.00258425,86.56,"NZL",2016,184969146624.47
"Nicaragua",948.355952,9.998554154,56.74,6638075,"1.21 %",79052,55,120340,-21272,"2.4","26","57 %","0.08 %",948.355952,9.998554154,56.74,45,6.105,0.694,1.325,0.835,0.435,0.2,0.127,948.355952,9.998554154,56.74,"NIC",2016,13230844686.858
"Niger",180.083376,0.829997485,16.54,24346468,"3.84 %",895929,19,1266700,4000,"7.0","15","17 %","0.31 %",180.083376,0.829997485,16.54,114,4.628,0.138,0.774,0.366,0.318,0.188,0.102,180.083376,0.829997485,16.54,"NER",2016,7528387858.34739
"Nigeria",544.5994767,28.43003266,48.36,206984347,"2.58 %",5175990,226,910770,-60000,"5.4","18","52 %","2.64 %",544.5994767,28.43003266,48.36,85,5.265,0.696,1.111,0.245,0.426,0.215,0.041,544.5994767,28.43003266,48.36,"NGA",2016,404652720164.859
"Norway",39972.35277,93.27750793,77.48,5428594,"0.79 %",42384,15,365268,28000,"1.7","40","83 %","0.07 %",39972.35277,93.27750793,77.48,3,7.554,1.488,1.582,1.028,0.603,0.271,0.341,39972.35277,93.27750793,77.48,"NOR",2016,371076190476.19
"Pakistan",668.547943,16.78003702,36.16,221612785,"2.00 %",4327022,287,770880,-233379,"3.6","23","35 %","2.83 %",668.547943,16.78003702,36.16,67,5.653,0.677,0.886,0.535,0.313,0.22,0.098,668.547943,16.78003702,36.16,"PAK",2016,278913371202.065
"Panama",5900.616944,42.74781206,73.2,4326296,"1.61 %",68328,58,74340,11200,"2.5","30","68 %","0.06 %",5900.616944,42.74781206,73.2,31,6.321,1.149,1.442,0.91,0.516,0.109,0.054,5900.616944,42.74781206,73.2,"PAN",2016,55187700000
"Paraguay",1621.177078,19.80168119,60.3,7147553,"1.25 %",87902,18,397300,-16556,"2.4","26","62 %","0.09 %",1621.177078,19.80168119,60.3,63,5.743,0.855,1.475,0.777,0.514,0.184,0.08,1621.177078,19.80168119,60.3,"PRY",2016,27424071382.7244
"Peru",3180.430612,34.30060399,71.4,33050211,"1.42 %",461401,26,1280000,99069,"2.3","31","79 %","0.42 %",3180.430612,34.30060399,71.4,65,5.697,0.96,1.274,0.854,0.455,0.083,0.027,3180.430612,34.30060399,71.4,"PER",2016,192207342004.681
"Philippines",1383.401869,24.99994585,64.92,109830324,"1.35 %",1464463,368,298170,-67152,"2.6","26","47 %","1.41 %",1383.401869,24.99994585,64.92,69,5.631,0.807,1.293,0.657,0.558,0.117,0.107,1383.401869,24.99994585,64.92,"PHL",2016,304905406845.291
"Poland",6575.745044,62.47123013,61.32,37839255,"-0.11 %",-41157,124,306230,-29395,"1.4","42","60 %","0.49 %",6575.745044,62.47123013,61.32,40,6.182,1.206,1.438,0.884,0.483,0.117,0.05,6575.745044,62.47123013,61.32,"POL",2016,471364408713.956
"Portugal",11744.83417,51.2804784,59.46,10191409,"-0.29 %",-29478,111,91590,-6000,"1.3","46","66 %","0.13 %",11744.83417,51.2804784,59.46,66,5.693,1.221,1.431,0.999,0.508,0.047,0.025,11744.83417,51.2804784,59.46,"PRT",2016,204836597909.466
"Qatar",33931.83208,81.59039727,95.64,2889284,"1.73 %",48986,248,11610,40000,"1.9","32","96 %","0.04 %",33931.83208,81.59039727,95.64,29,6.374,1.684,1.313,0.871,0.555,0.22,0.167,33931.83208,81.59039727,95.64,"QAT",2016,152451923076.923
"Romania",2636.7878,40.02009488,54.24,19214608,"-0.66 %",-126866,84,230170,-73999,"1.6","43","55 %","0.25 %",2636.7878,40.02009488,54.24,48,6.07,1.162,1.232,0.825,0.462,0.083,0.005,2636.7878,40.02009488,54.24,"ROU",2016,187592037839.968
"Russia",2923.144355,43.36649772,72.84,145945524,"0.04 %",62206,9,16376870,182456,"1.8","40","74 %","1.87 %",2923.144355,43.36649772,72.84,68,5.648,1.183,1.452,0.726,0.334,0.082,0.031,2923.144355,43.36649772,72.84,"RUS",2016,1283162985989.3
"Rwanda",338.2663912,13.00000612,18.34,13005303,"2.58 %",325268,525,24670,-9000,"4.1","20","18 %","0.17 %",338.2663912,13.00000612,18.34,152,3.334,0.359,0.711,0.614,0.555,0.217,0.411,338.2663912,13.00000612,18.34,"RWA",2016,8376048904.58291
"Saudi Arabia",9425.32587,41.00012846,82.42,34905942,"1.59 %",545343,16,2149690,134979,"2.3","32","84 %","0.45 %",9425.32587,41.00012846,82.42,28,6.375,1.403,1.357,0.795,0.439,0.08,0.132,9425.32587,41.00012846,82.42,"SAU",2016,646438380560
"Senegal",561.7085848,15.99964999,42.38,16816539,"2.75 %",447563,87,192530,-20000,"4.7","19","49 %","0.21 %",561.7085848,15.99964999,42.38,111,4.681,0.45,1.134,0.571,0.292,0.153,0.072,561.7085848,15.99964999,42.38,"SEN",2016,14683697630.9
"Serbia",1194.711433,43.05506706,52.04,8731081,"-0.40 %",-34864,100,87460,4000,"1.5","42","56 %","0.11 %",1194.711433,43.05506706,52.04,70,5.603,1.004,1.383,0.854,0.282,0.137,0.039,1194.711433,43.05506706,52.04,"SRB",2016,38299854688.1277
"Sierra Leone",268.3317903,NA,37.76,8004158,"2.10 %",163768,111,72180,-4200,"4.3","19","43 %","0.10 %",268.3317903,NA,37.76,129,4.374,0.268,0.841,0.242,0.309,0.252,0.045,268.3317903,NA,37.76,"SLE",2016,3736588553.56394
"Singapore",32535.83251,71.13170731,100,5858322,"0.79 %",46005,8358,700,27028,"1.2","42","N.A.","0.08 %",32535.83251,71.13170731,100,34,6.262,1.572,1.463,1.141,0.556,0.271,0.453,32535.83251,71.13170731,100,"SGP",2016,296975678610.206
"Slovak Republic",8445.526689,79.88977734,56.56,5460109,"0.05 %",2629,114,48088,1485,"1.5","41","54 %","0.07 %",8445.526689,79.88977734,56.56,38,6.198,1.246,1.504,0.881,0.334,0.121,0.014,8445.526689,79.88977734,56.56,"SVK",2016,89768598023.3903
"Slovenia",12729.4544,69.33997072,48.6,2078989,"0.01 %",284,103,20140,2000,"1.6","45","55 %","0.03 %",12729.4544,69.33997072,48.6,44,6.118,1.258,1.523,0.953,0.564,0.144,0.057,12729.4544,69.33997072,48.6,"SVN",2016,44708598648.8562
"Somalia",NA,NA,36.52,15965848,"2.92 %",450317,25,627340,-40000,"6.1","17","47 %","0.20 %",NA,NA,36.52,112,4.668,0,0.698,0.268,0.559,0.243,0.27,NA,NA,36.52,"SOM",2016,6.217e+09
"South Africa",3745.649852,12.33489326,60.74,59436725,"1.28 %",750420,49,1213090,145405,"2.4","28","67 %","0.76 %",3745.649852,12.33489326,60.74,106,4.722,0.96,1.351,0.469,0.389,0.13,0.055,3745.649852,12.33489326,60.74,"ZAF",2016,295456189492.005
"Spain",15461.75837,65.80855367,77.12,46757980,"0.04 %",18002,94,498800,40000,"1.3","45","80 %","0.60 %",15461.75837,65.80855367,77.12,30,6.354,1.286,1.484,1.062,0.362,0.153,0.079,15461.75837,65.80855367,77.12,"ESP",2016,1237255019653.86
"Sri Lanka",1295.742686,11.99997066,15.1,21428970,"0.42 %",89516,341,62710,-97986,"2.2","34","18 %","0.27 %",1295.742686,11.99997066,15.1,130,4.366,0.949,1.265,0.831,0.47,0.244,0.047,1295.742686,11.99997066,15.1,"LKA",2016,81321876307.2556
"Sweden",32292.48298,90.01619002,84.54,10110233,"0.63 %",62886,25,410340,40000,"1.9","41","88 %","0.13 %",32292.48298,90.01619002,84.54,7,7.343,1.387,1.487,1.009,0.574,0.267,0.373,32292.48298,90.01619002,84.54,"SWE",2016,514459972806.171
"Switzerland",37662.75125,82.16665988,73.48,8665615,"0.74 %",63257,219,39516,52000,"1.5","43","74 %","0.11 %",37662.75125,82.16665988,73.48,6,7.48,1.452,1.526,1.052,0.572,0.263,0.343,37662.75125,82.16665988,73.48,"CHE",2016,668851296244.236
"Tajikistan",279.1804526,11.54939051,26.46,9573310,"2.32 %",216627,68,139960,-20000,"3.6","22","27 %","0.12 %",279.1804526,11.54939051,26.46,74,5.467,0.493,1.098,0.718,0.389,0.23,0.144,279.1804526,11.54939051,26.46,"TJK",2016,6951657158.90093
"Tanzania",456.3857117,11.00005544,25.52,60012400,"2.98 %",1728755,67,885800,-40076,"4.9","18","37 %","0.77 %",456.3857117,11.00005544,25.52,153,3.231,0.476,0.885,0.499,0.417,0.276,0.147,456.3857117,11.00005544,25.52,"TZA",2016,47340071107.343
"Thailand",2712.517199,21.20007177,33.32,69830779,"0.25 %",174396,137,510890,19444,"1.5","40","51 %","0.90 %",2712.517199,21.20007177,33.32,52,6.008,1.05,1.409,0.828,0.557,0.359,0.028,2712.517199,21.20007177,33.32,"THA",2016,407026127310.434
"Togo",285.2244493,5.379819715,42,8310934,"2.43 %",196358,152,54390,-2000,"4.4","19","43 %","0.11 %",285.2244493,5.379819715,42,139,4.085,0.275,0.572,0.41,0.293,0.177,0.085,285.2244493,5.379819715,42,"TGO",2016,4399995986.56477
"Trinidad and Tobago",10480.8172,48.51681767,13.22,1400283,"0.32 %",4515,273,5130,-800,"1.7","36","52 %","0.02 %",10480.8172,48.51681767,13.22,39,6.192,1.231,1.477,0.713,0.489,0.185,0.016,10480.8172,48.51681767,13.22,"TTO",2016,21894706041.2353
"Tunisia",3164.927693,36.56255296,66.5,11839918,"1.06 %",123900,76,155360,-4000,"2.2","33","70 %","0.15 %",3164.927693,36.56255296,66.5,124,4.461,0.921,1,0.815,0.167,0.059,0.055,3164.927693,36.56255296,66.5,"TUN",2016,42062549394.7859
"Turkey",5348.597192,39.82017789,68.68,84495243,"1.09 %",909452,110,769630,283922,"2.1","32","76 %","1.08 %",5348.597192,39.82017789,68.68,79,5.373,1.183,1.36,0.808,0.195,0.083,0.106,5348.597192,39.82017789,68.68,"TUR",2016,863711710426.514
"Turkmenistan",2062.125152,2.199997818,48.62,6046292,"1.50 %",89111,13,469930,-5000,"2.8","27","53 %","0.08 %",2062.125152,2.199997818,48.62,87,5.247,1.052,1.538,0.657,0.394,0.244,0.028,2062.125152,2.199997818,48.62,"TKM",2016,36179885714.2857
"Uganda",377.4211133,12.50025543,12.98,45974931,"3.32 %",1471413,229,199810,168694,"5.0","17","26 %","0.59 %",377.4211133,12.50025543,12.98,136,4.189,0.332,1.069,0.443,0.356,0.252,0.06,377.4211133,12.50025543,12.98,"UGA",2016,24078931933.4578
"Ukraine",1036.830725,44.58535469,67.98,43686577,"-0.59 %",-259876,75,579320,10000,"1.4","41","69 %","0.56 %",1036.830725,44.58535469,67.98,133,4.332,0.82,1.39,0.739,0.178,0.187,0.01,1036.830725,44.58535469,67.98,"UKR",2016,93270479388.5243
"United Arab Emirates",21087.39412,77.99678115,77.88,9910892,"1.23 %",119873,118,83600,40000,"1.4","33","86 %","0.13 %",21087.39412,77.99678115,77.88,21,6.825,1.503,1.31,0.825,0.598,0.262,0.182,21087.39412,77.99678115,77.88,"ARE",2016,348743265704.561
"United Kingdom",28033.48928,84.73170475,89.94,67948282,"0.53 %",355839,281,241930,260650,"1.8","40","83 %","0.87 %",28033.48928,84.73170475,89.94,15,7.054,1.333,1.538,0.996,0.45,0.348,0.278,28033.48928,84.73170475,89.94,"GBR",2016,2647898654635.24
"United States",37491.17952,74.247572,81.7,331341050,"0.59 %",1937734,36,9147420,954806,"1.8","38","83 %","4.25 %",37491.17952,74.247572,81.7,19,6.892,1.433,1.457,0.874,0.454,0.28,0.128,37491.17952,74.247572,81.7,"USA",2016,1.8624475e+13
"Uruguay",9106.327234,47.86746863,92.3,3475842,"0.35 %",11996,20,175020,-3000,"2.0","36","96 %","0.04 %",9106.327234,47.86746863,92.3,33,6.293,1.124,1.465,0.891,0.523,0.127,0.15,9106.327234,47.86746863,92.3,"URY",2016,52419720713.7316
"Uzbekistan",952.8272608,19.44502055,36.82,33551824,"1.48 %",487487,79,425400,-8863,"2.4","28","50 %","0.43 %",952.8272608,19.44502055,36.82,41,6.174,0.745,1.529,0.756,0.631,0.322,0.24,952.8272608,19.44502055,36.82,"UZB",2016,67220335569.6147
"Vietnam",722.8075588,27.85182156,27.84,97490013,"0.91 %",876473,314,310070,-80000,"2.1","32","38 %","1.25 %",722.8075588,27.85182156,27.84,94,5.175,0.741,1.346,0.851,0.543,0.147,0.073,722.8075588,27.85182156,27.84,"VNM",2016,205276172134.901
"Yemen, Rep.",610.3573673,12.34975046,30.64,29935468,"2.28 %",664042,56,527970,-30000,"3.8","20","38 %","0.38 %",610.3573673,12.34975046,30.64,151,3.38,0.287,1.163,0.463,0.143,0.108,0.077,610.3573673,12.34975046,30.64,"YEM",2016,27317605346.0714
"Zambia",432.226337,10.12498646,35.42,18468257,"2.93 %",522925,25,743390,-8000,"4.7","18","45 %","0.24 %",432.226337,10.12498646,35.42,138,4.107,0.578,1.058,0.426,0.431,0.247,0.087,432.226337,10.12498646,35.42,"ZMB",2016,21063989682.5243
"Zimbabwe",320.7718899,11.50041532,37.34,14899771,"1.48 %",217456,38,386850,-116858,"3.6","19","38 %","0.19 %",320.7718899,11.50041532,37.34,146,3.663,0.366,1.114,0.433,0.361,0.151,0.089,320.7718899,11.50041532,37.34,"ZWE",2016,16619960401.9038
